sharp	シャープ
apple	アップル
computer	コンピューター,コンピュータ
smartphone	スマートフォン,スマホ
coffee	コーヒー
service	サービス
strike	ストライク,ストライキ
sale	セール
tie	タイ,ネクタイ
menu	メニュー
cheese	チーズ
salad	サラダ
sandwich	サンドイッチ
hamburger	ハンバーガー
ice	アイス
cream	クリーム
juice	ジュース
soup	スープ
steak	ステーキ
pizza	ピザ
pasta	パスタ
curry	カレー
chocolate	チョコレート
cake	ケーキ
cookie	クッキー
candy	キャンディー
sugar	シュガー
butter	バター
jam	ジャム
toast	トースト
salt	ソルト
sauce	ソース
tea	ティー
beer	ビール
wine	ワイン
whisky	ウイスキー
cocktail	カクテル
lemon	レモン
orange	オレンジ
banana	バナナ
melon	メロン
tomato	トマト
potato	ポテト
onion	オニオン
pepper	ペッパー
bread	ブレッド
rice	ライス
noodle	ヌードル
snack	スナック
lunch	ランチ
dinner	ディナー
breakfast	ブレックファスト
party	パーティー
present	プレゼント
gift	ギフト
card	カード
game	ゲーム
sport	スポーツ
soccer	サッカー
baseball	ベースボール
tennis	テニス
golf	ゴルフ
basketball	バスケットボール
volleyball	バレーボール
swimming	スイミング
marathon	マラソン
jogging	ジョギング
training	トレーニング
coach	コーチ
team	チーム
player	プレーヤー
member	メンバー
leader	リーダー
manager	マネージャー
staff	スタッフ
boss	ボス
partner	パートナー
customer	カスタマー
client	クライアント
user	ユーザー
fan	ファン
star	スター
idol	アイドル
hero	ヒーロー
model	モデル
designer	デザイナー
engineer	エンジニア
writer	ライター
reporter	レポーター
director	ディレクター
producer	プロデューサー
artist	アーティスト
singer	シンガー
band	バンド
music	ミュージック
concert	コンサート
piano	ピアノ
guitar	ギター
violin	バイオリン
drum	ドラム
radio	ラジオ
television	テレビジョン
camera	カメラ
video	ビデオ
photo	フォト
movie	ムービー
film	フィルム
drama	ドラマ
comedy	コメディ
horror	ホラー
comic	コミック
cartoon	カートゥーン
news	ニュース
magazine	マガジン
paper	ペーパー
note	ノート
notebook	ノートブック
pen	ペン
pencil	ペンシル
marker	マーカー
eraser	イレイザー
file	ファイル
folder	フォルダー
memo	メモ
data	データ
system	システム
program	プログラム
software	ソフトウェア
hardware	ハードウェア
network	ネットワーク
internet	インターネット
website	ウェブサイト
mail	メール
message	メッセージ
password	パスワード
account	アカウント
login	ログイン
download	ダウンロード
upload	アップロード
click	クリック
mouse	マウス
keyboard	キーボード
screen	スクリーン
monitor	モニター
printer	プリンター
scanner	スキャナー
battery	バッテリー
charge	チャージ
button	ボタン
switch	スイッチ
remote	リモート
control	コントロール
volume	ボリューム
speaker	スピーカー
microphone	マイクロホン
headphone	ヘッドホン
phone	フォン
telephone	テレフォン
call	コール
mobile	モバイル
tablet	タブレット
laptop	ラップトップ
server	サーバー
cloud	クラウド
app	アプリ
application	アプリケーション
update	アップデート
version	バージョン
online	オンライン
offline	オフライン
digital	デジタル
analog	アナログ
image	イメージ
design	デザイン
style	スタイル
fashion	ファッション
brand	ブランド
shop	ショップ
store	ストア
market	マーケット
supermarket	スーパーマーケット
mall	モール
counter	カウンター
register	レジスター,レジ
receipt	レシート
coupon	クーポン
point	ポイント
bonus	ボーナス
discount	ディスカウント
price	プライス
cost	コスト
profit	プロフィット
budget	バジェット
tax	タックス
bank	バンク
cash	キャッシュ
credit	クレジット
loan	ローン
insurance	インシュアランス
business	ビジネス
office	オフィス
company	カンパニー
meeting	ミーティング
presentation	プレゼンテーション
schedule	スケジュール
plan	プラン
project	プロジェクト
target	ターゲット
goal	ゴール
rule	ルール
manual	マニュアル
level	レベル
class	クラス
grade	グレード
rank	ランク
score	スコア
test	テスト
quiz	クイズ
question	クエスチョン
answer	アンサー
problem	プロブレム
trouble	トラブル
mistake	ミステイク
miss	ミス
error	エラー
risk	リスク
chance	チャンス
challenge	チャレンジ
try	トライ
success	サクセス
mind	マインド
idea	アイデア
concept	コンセプト
theme	テーマ
topic	トピック
title	タイトル
story	ストーリー
scene	シーン
stage	ステージ
show	ショー
event	イベント
festival	フェスティバル
campaign	キャンペーン
tour	ツアー
trip	トリップ
travel	トラベル
hotel	ホテル
resort	リゾート
airport	エアポート
station	ステーション
taxi	タクシー
bus	バス
train	トレイン
bike	バイク
car	カー
truck	トラック
engine	エンジン
brake	ブレーキ
handle	ハンドル
tire	タイヤ
gas	ガス
gasoline	ガソリン
parking	パーキング
signal	シグナル
tunnel	トンネル
highway	ハイウェイ
route	ルート
map	マップ
guide	ガイド
information	インフォメーション
room	ルーム
kitchen	キッチン
bath	バス
toilet	トイレ
bed	ベッド
sofa	ソファ
table	テーブル
chair	チェア
desk	デスク
curtain	カーテン
carpet	カーペット
towel	タオル
soap	ソープ
shampoo	シャンプー
cosmetic	コスメ
lotion	ローション
perfume	パフューム
dress	ドレス
shirt	シャツ
jacket	ジャケット
coat	コート
sweater	セーター
skirt	スカート
jeans	ジーンズ
pants	パンツ
socks	ソックス
shoes	シューズ
boots	ブーツ
sandal	サンダル
hat	ハット
cap	キャップ
glove	グローブ
scarf	スカーフ
bag	バッグ
wallet	ウォレット
ring	リング
necklace	ネックレス
accessory	アクセサリー
color	カラー
red	レッド
blue	ブルー
green	グリーン
yellow	イエロー
pink	ピンク
black	ブラック
white	ホワイト
gold	ゴールド
silver	シルバー
brown	ブラウン
gray	グレー
free	フリー
happy	ハッピー
lucky	ラッキー
cool	クール
cute	キュート
smart	スマート
sweet	スイート
soft	ソフト
hard	ハード
heavy	ヘビー
light	ライト
fresh	フレッシュ
natural	ナチュラル
simple	シンプル
special	スペシャル
popular	ポピュラー
original	オリジナル
classic	クラシック
modern	モダン
active	アクティブ
positive	ポジティブ
negative	ネガティブ
perfect	パーフェクト
basic	ベーシック
standard	スタンダード
normal	ノーマル
private	プライベート
public	パブリック
secret	シークレット
safe	セーフ
danger	デンジャー
sign	サイン
copy	コピー
paste	ペースト
cut	カット
set	セット
start	スタート
stop	ストップ
finish	フィニッシュ
open	オープン
close	クローズ
push	プッシュ
pull	プル
play	プレー
pause	ポーズ
repeat	リピート
skip	スキップ
turn	ターン
jump	ジャンプ
slide	スライド
speed	スピード
power	パワー
energy	エネルギー
balance	バランス
condition	コンディション
mood	ムード
stress	ストレス
relax	リラックス
health	ヘルス
diet	ダイエット
medicine	メディシン
vitamin	ビタミン
doctor	ドクター
nurse	ナース
clinic	クリニック
care	ケア
mask	マスク
virus	ウイルス
vaccine	ワクチン
allergy	アレルギー
science	サイエンス
technology	テクノロジー
research	リサーチ
experiment	エクスペリメント
material	マテリアル
plastic	プラスチック
metal	メタル
glass	グラス
wood	ウッド
stone	ストーン
oil	オイル
water	ウォーター
fire	ファイア
wind	ウインド
earth	アース
space	スペース
planet	プラネット
rocket	ロケット
moon	ムーン
sun	サン
sky	スカイ
sea	シー
beach	ビーチ
river	リバー
lake	レイク
mountain	マウンテン
forest	フォレスト
garden	ガーデン
park	パーク
zoo	ズー
pet	ペット
dog	ドッグ
cat	キャット
lion	ライオン
tiger	タイガー
panda	パンダ
rabbit	ラビット
monkey	モンキー
penguin	ペンギン
dolphin	ドルフィン
flower	フラワー
rose	ローズ
love	ラブ
friend	フレンド
family	ファミリー
baby	ベビー
boy	ボーイ
girl	ガール
lady	レディー
gentleman	ジェントルマン
mother	マザー
father	ファーザー
brother	ブラザー
sister	シスター
wedding	ウェディング
birthday	バースデー
holiday	ホリデー
weekend	ウィークエンド
morning	モーニング
night	ナイト
day	デー
season	シーズン
summer	サマー
winter	ウィンター
spring	スプリング
autumn	オータム
school	スクール
campus	キャンパス
lesson	レッスン
textbook	テキストブック
text	テキスト
lecture	レクチャー
seminar	セミナー
teacher	ティーチャー
student	スチューデント
skill	スキル
career	キャリア
job	ジョブ
work	ワーク
part	パート
salary	サラリー
overtime	オーバータイム
rush	ラッシュ
freedom	フリーダム
culture	カルチャー
tradition	トラディション
history	ヒストリー
fantasy	ファンタジー
mystery	ミステリー
romance	ロマンス
adventure	アドベンチャー
action	アクション
speech	スピーチ
talk	トーク
communication	コミュニケーション
conversation	カンバセーション
comment	コメント
opinion	オピニオン
advice	アドバイス
support	サポート
help	ヘルプ
volunteer	ボランティア
manner	マナー
policy	ポリシー
principle	プリンシプル
sense	センス
impact	インパクト
shock	ショック
surprise	サプライズ
fever	フィーバー
boom	ブーム
trend	トレンド
minor	マイナー
major	メジャー
maximum	マキシマム
minimum	ミニマム
average	アベレージ
total	トータル
list	リスト
ranking	ランキング
graph	グラフ
chart	チャート
figure	フィギュア
picture	ピクチャー
poster	ポスター
sticker	ステッカー
label	ラベル
tag	タグ
mark	マーク
logo	ロゴ
symbol	シンボル
character	キャラクター
anime	アニメ
run	ラン
